﻿<?xml version="1.0" encoding="utf-8" standalone="yes"?>
<releveDeductions>
  <identifiantFiscal>FR37325084589</identifiantFiscal>
  <ice>32508458907015</ice>
  <annee>2019</annee>
  <periode>1</periode>
  <regime>1</regime>
  <rdps>
    <rdp>
      <ord>1</ord>
      <num>0000434</num>
      <des>Breloque S.a.r.l</des>
      <tva>0.00</tva>
      <ht>996.67</ht>
      <ttc>996.67</ttc>
      <ref>0000434</ref>
      <tx>0</tx>
      <mp>5</mp>
      <dp>2019-01-09</dp>
      <df>2019-01-09</df>
      <if>FR37545498877</if>
      <ice></ice>
    </rdp>
    <rdp>
      <ord>2</ord>
      <num>0000435</num>
      <des>Au collier suspendu</des>
      <tva>0.00</tva>
      <ht>1993.33</ht>
      <ttc>1993.33</ttc>
      <ref>0000435</ref>
      <tx>0</tx>
      <mp>5</mp>
      <dp>2019-01-09</dp>
      <df>2019-01-09</df>
      <if>FR37241568986</if>
      <ice></ice>
    </rdp>
    <rdp>
      <ord>3</ord>
      <num>0000436</num>
      <des>Duboi expert comptable</des>
      <tva>0.00</tva>
      <ht>2990.00</ht>
      <ttc>2990.00</ttc>
      <ref>0000436</ref>
      <tx>0</tx>
      <mp>5</mp>
      <dp>2019-01-09</dp>
      <df>2019-01-09</df>
      <if></if>
      <ice></ice>
    </rdp>
    <rdp>
      <ord>4</ord>
      <num>0000442</num>
      <des>La Montre du Quartier</des>
      <tva>0.00</tva>
      <ht>0.00</ht>
      <ttc>0.00</ttc>
      <ref>0000442</ref>
      <tx>0</tx>
      <mp>5</mp>
      <dp>2019-01-09</dp>
      <df>2019-01-09</df>
      <if>FR37024554658</if>
      <ice></ice>
    </rdp>
    <rdp>
      <ord>5</ord>
      <num>0000443</num>
      <des>Diamant Vert</des>
      <tva>0.00</tva>
      <ht>0.00</ht>
      <ttc>0.00</ttc>
      <ref>0000443</ref>
      <tx>0</tx>
      <mp>5</mp>
      <dp>2019-01-09</dp>
      <df>2019-01-09</df>
      <if>FR37892154564</if>
      <ice></ice>
    </rdp>
    <rdp>
      <ord>6</ord>
      <num>0000444</num>
      <des>Perles parisiennes</des>
      <tva>0.00</tva>
      <ht>0.00</ht>
      <ttc>0.00</ttc>
      <ref>0000444</ref>
      <tx>0</tx>
      <mp>5</mp>
      <dp>2019-01-09</dp>
      <df>2019-01-09</df>
      <if>FR37454521012</if>
      <ice></ice>
    </rdp>
    <rdp>
      <ord>7</ord>
      <num>0000446</num>
      <des>FBS SARL</des>
      <tva>0.00</tva>
      <ht>0.00</ht>
      <ttc>0.00</ttc>
      <ref>0000446</ref>
      <tx>0</tx>
      <mp>5</mp>
      <dp>2019-01-09</dp>
      <df>2019-01-09</df>
      <if>FR373087844356</if>
      <ice></ice>
    </rdp>
    <rdp>
      <ord>8</ord>
      <num>0000446</num>
      <des>FBS SARL</des>
      <tva>0.00</tva>
      <ht>0.00</ht>
      <ttc>0.00</ttc>
      <ref>0000446</ref>
      <tx>0</tx>
      <mp>5</mp>
      <dp>2019-01-09</dp>
      <df>2019-01-09</df>
      <if>FR373087844356</if>
      <ice></ice>
    </rdp>
  </rdps>
</releveDeductions>